Folder,File
Basketball,v_Basketball_g01_c01.avi
Basketball,v_Basketball_g01_c02.avi
Basketball,v_Basketball_g01_c03.avi
Basketball,v_Basketball_g01_c04.avi
Basketball,v_Basketball_g01_c05.avi
Basketball,v_Basketball_g01_c06.avi
Basketball,v_Basketball_g01_c07.avi
Basketball,v_Basketball_g02_c01.avi
Basketball,v_Basketball_g02_c02.avi
Basketball,v_Basketball_g02_c03.avi
Basketball,v_Basketball_g02_c04.avi
Basketball,v_Basketball_g02_c05.avi
Basketball,v_Basketball_g02_c06.avi
Basketball,v_Basketball_g03_c01.avi
Basketball,v_Basketball_g03_c02.avi
Basketball,v_Basketball_g03_c03.avi
Basketball,v_Basketball_g03_c04.avi
Basketball,v_Basketball_g03_c05.avi
Basketball,v_Basketball_g03_c06.avi
Basketball,v_Basketball_g04_c01.avi
Basketball,v_Basketball_g04_c02.avi
Basketball,v_Basketball_g04_c03.avi
Basketball,v_Basketball_g04_c04.avi
Basketball,v_Basketball_g05_c01.avi
Basketball,v_Basketball_g05_c02.avi
Basketball,v_Basketball_g05_c03.avi
Basketball,v_Basketball_g05_c04.avi
Basketball,v_Basketball_g06_c01.avi
Basketball,v_Basketball_g06_c02.avi
Basketball,v_Basketball_g06_c03.avi
Basketball,v_Basketball_g06_c04.avi
Basketball,v_Basketball_g07_c01.avi
Basketball,v_Basketball_g07_c02.avi
Basketball,v_Basketball_g07_c03.avi
Basketball,v_Basketball_g07_c04.avi
Basketball,v_Basketball_g08_c01.avi
Basketball,v_Basketball_g08_c02.avi
Basketball,v_Basketball_g08_c03.avi
Basketball,v_Basketball_g08_c04.avi
Basketball,v_Basketball_g09_c01.avi
Basketball,v_Basketball_g09_c02.avi
Basketball,v_Basketball_g09_c03.avi
Basketball,v_Basketball_g09_c04.avi
Basketball,v_Basketball_g09_c05.avi
Basketball,v_Basketball_g10_c01.avi
Basketball,v_Basketball_g10_c02.avi
Basketball,v_Basketball_g10_c03.avi
Basketball,v_Basketball_g10_c04.avi
Basketball,v_Basketball_g10_c05.avi
Basketball,v_Basketball_g11_c01.avi
Basketball,v_Basketball_g11_c02.avi
Basketball,v_Basketball_g11_c03.avi
Basketball,v_Basketball_g11_c04.avi
Basketball,v_Basketball_g11_c05.avi
Basketball,v_Basketball_g12_c01.avi
Basketball,v_Basketball_g12_c02.avi
Basketball,v_Basketball_g12_c03.avi
Basketball,v_Basketball_g12_c04.avi
Basketball,v_Basketball_g12_c05.avi
Basketball,v_Basketball_g13_c01.avi
Basketball,v_Basketball_g13_c02.avi
Basketball,v_Basketball_g13_c03.avi
Basketball,v_Basketball_g13_c04.avi
Basketball,v_Basketball_g14_c01.avi
Basketball,v_Basketball_g14_c02.avi
Basketball,v_Basketball_g14_c03.avi
Basketball,v_Basketball_g14_c04.avi
Basketball,v_Basketball_g14_c05.avi
Basketball,v_Basketball_g15_c01.avi
Basketball,v_Basketball_g15_c02.avi
Basketball,v_Basketball_g15_c03.avi
Basketball,v_Basketball_g15_c04.avi
Basketball,v_Basketball_g15_c05.avi
Basketball,v_Basketball_g15_c06.avi
Basketball,v_Basketball_g15_c07.avi
Basketball,v_Basketball_g16_c01.avi
Basketball,v_Basketball_g16_c02.avi
Basketball,v_Basketball_g16_c03.avi
Basketball,v_Basketball_g16_c04.avi
Basketball,v_Basketball_g16_c05.avi
Basketball,v_Basketball_g16_c06.avi
Basketball,v_Basketball_g17_c01.avi
Basketball,v_Basketball_g17_c02.avi
Basketball,v_Basketball_g17_c03.avi
Basketball,v_Basketball_g17_c04.avi
Basketball,v_Basketball_g18_c01.avi
Basketball,v_Basketball_g18_c02.avi
Basketball,v_Basketball_g18_c03.avi
Basketball,v_Basketball_g18_c04.avi
Basketball,v_Basketball_g18_c05.avi
Basketball,v_Basketball_g19_c01.avi
Basketball,v_Basketball_g19_c02.avi
Basketball,v_Basketball_g19_c03.avi
Basketball,v_Basketball_g19_c04.avi
Basketball,v_Basketball_g19_c05.avi
Basketball,v_Basketball_g19_c06.avi
Basketball,v_Basketball_g19_c07.avi
Basketball,v_Basketball_g19_c08.avi
Basketball,v_Basketball_g20_c01.avi
Basketball,v_Basketball_g20_c02.avi
Basketball,v_Basketball_g20_c03.avi
Basketball,v_Basketball_g20_c04.avi
Basketball,v_Basketball_g20_c05.avi
Basketball,v_Basketball_g20_c06.avi
Basketball,v_Basketball_g20_c07.avi
Basketball,v_Basketball_g21_c01.avi
Basketball,v_Basketball_g21_c02.avi
Basketball,v_Basketball_g21_c03.avi
Basketball,v_Basketball_g21_c04.avi
BenchPress,v_BenchPress_g01_c01.avi
BenchPress,v_BenchPress_g01_c02.avi
BenchPress,v_BenchPress_g01_c03.avi
BenchPress,v_BenchPress_g01_c04.avi
BenchPress,v_BenchPress_g01_c05.avi
BenchPress,v_BenchPress_g01_c06.avi
BenchPress,v_BenchPress_g02_c01.avi
BenchPress,v_BenchPress_g02_c02.avi
BenchPress,v_BenchPress_g02_c03.avi
BenchPress,v_BenchPress_g02_c04.avi
BenchPress,v_BenchPress_g02_c05.avi
BenchPress,v_BenchPress_g02_c06.avi
BenchPress,v_BenchPress_g02_c07.avi
BenchPress,v_BenchPress_g03_c01.avi
BenchPress,v_BenchPress_g03_c02.avi
BenchPress,v_BenchPress_g03_c03.avi
BenchPress,v_BenchPress_g03_c04.avi
BenchPress,v_BenchPress_g03_c05.avi
BenchPress,v_BenchPress_g03_c06.avi
BenchPress,v_BenchPress_g03_c07.avi
BenchPress,v_BenchPress_g04_c01.avi
BenchPress,v_BenchPress_g04_c02.avi
BenchPress,v_BenchPress_g04_c03.avi
BenchPress,v_BenchPress_g04_c04.avi
BenchPress,v_BenchPress_g04_c05.avi
BenchPress,v_BenchPress_g04_c06.avi
BenchPress,v_BenchPress_g04_c07.avi
BenchPress,v_BenchPress_g05_c01.avi
BenchPress,v_BenchPress_g05_c02.avi
BenchPress,v_BenchPress_g05_c03.avi
BenchPress,v_BenchPress_g05_c04.avi
BenchPress,v_BenchPress_g05_c05.avi
BenchPress,v_BenchPress_g05_c06.avi
BenchPress,v_BenchPress_g05_c07.avi
BenchPress,v_BenchPress_g06_c01.avi
BenchPress,v_BenchPress_g06_c02.avi
BenchPress,v_BenchPress_g06_c03.avi
BenchPress,v_BenchPress_g06_c04.avi
BenchPress,v_BenchPress_g06_c05.avi
BenchPress,v_BenchPress_g06_c06.avi
BenchPress,v_BenchPress_g06_c07.avi
BenchPress,v_BenchPress_g07_c01.avi
BenchPress,v_BenchPress_g07_c02.avi
BenchPress,v_BenchPress_g07_c03.avi
BenchPress,v_BenchPress_g07_c04.avi
BenchPress,v_BenchPress_g07_c05.avi
BenchPress,v_BenchPress_g07_c06.avi
BenchPress,v_BenchPress_g07_c07.avi
BenchPress,v_BenchPress_g08_c01.avi
BenchPress,v_BenchPress_g08_c02.avi
BenchPress,v_BenchPress_g08_c03.avi
BenchPress,v_BenchPress_g08_c04.avi
BenchPress,v_BenchPress_g08_c05.avi
BenchPress,v_BenchPress_g08_c06.avi
BenchPress,v_BenchPress_g08_c07.avi
BenchPress,v_BenchPress_g09_c01.avi
BenchPress,v_BenchPress_g09_c02.avi
BenchPress,v_BenchPress_g09_c03.avi
BenchPress,v_BenchPress_g09_c04.avi
BenchPress,v_BenchPress_g09_c05.avi
BenchPress,v_BenchPress_g09_c06.avi
BenchPress,v_BenchPress_g09_c07.avi
BenchPress,v_BenchPress_g10_c01.avi
BenchPress,v_BenchPress_g10_c02.avi
BenchPress,v_BenchPress_g10_c03.avi
BenchPress,v_BenchPress_g10_c04.avi
BenchPress,v_BenchPress_g11_c01.avi
BenchPress,v_BenchPress_g11_c02.avi
BenchPress,v_BenchPress_g11_c03.avi
BenchPress,v_BenchPress_g11_c04.avi
BenchPress,v_BenchPress_g11_c05.avi
BenchPress,v_BenchPress_g12_c01.avi
BenchPress,v_BenchPress_g12_c02.avi
BenchPress,v_BenchPress_g12_c03.avi
BenchPress,v_BenchPress_g12_c04.avi
BenchPress,v_BenchPress_g12_c05.avi
BenchPress,v_BenchPress_g12_c06.avi
BenchPress,v_BenchPress_g12_c07.avi
BenchPress,v_BenchPress_g13_c01.avi
BenchPress,v_BenchPress_g13_c02.avi
BenchPress,v_BenchPress_g13_c03.avi
BenchPress,v_BenchPress_g13_c04.avi
BenchPress,v_BenchPress_g13_c05.avi
BenchPress,v_BenchPress_g13_c06.avi
BenchPress,v_BenchPress_g13_c07.avi
BenchPress,v_BenchPress_g14_c01.avi
BenchPress,v_BenchPress_g14_c02.avi
BenchPress,v_BenchPress_g14_c03.avi
BenchPress,v_BenchPress_g14_c04.avi
BenchPress,v_BenchPress_g14_c05.avi
BenchPress,v_BenchPress_g14_c06.avi
BenchPress,v_BenchPress_g14_c07.avi
BenchPress,v_BenchPress_g15_c01.avi
BenchPress,v_BenchPress_g15_c02.avi
BenchPress,v_BenchPress_g15_c03.avi
BenchPress,v_BenchPress_g15_c04.avi
BenchPress,v_BenchPress_g15_c05.avi
BenchPress,v_BenchPress_g15_c06.avi
BenchPress,v_BenchPress_g16_c01.avi
BenchPress,v_BenchPress_g16_c02.avi
BenchPress,v_BenchPress_g16_c03.avi
BenchPress,v_BenchPress_g16_c04.avi
BenchPress,v_BenchPress_g16_c05.avi
BenchPress,v_BenchPress_g17_c01.avi
BenchPress,v_BenchPress_g17_c02.avi
BenchPress,v_BenchPress_g17_c03.avi
BenchPress,v_BenchPress_g17_c04.avi
BenchPress,v_BenchPress_g17_c05.avi
BenchPress,v_BenchPress_g17_c06.avi
BenchPress,v_BenchPress_g17_c07.avi
BenchPress,v_BenchPress_g18_c01.avi
BenchPress,v_BenchPress_g18_c02.avi
BenchPress,v_BenchPress_g18_c03.avi
BenchPress,v_BenchPress_g18_c04.avi
BenchPress,v_BenchPress_g18_c05.avi
BenchPress,v_BenchPress_g18_c06.avi
BenchPress,v_BenchPress_g18_c07.avi
BenchPress,v_BenchPress_g19_c01.avi
BenchPress,v_BenchPress_g19_c02.avi
BenchPress,v_BenchPress_g19_c03.avi
BenchPress,v_BenchPress_g19_c04.avi
BenchPress,v_BenchPress_g19_c05.avi
BenchPress,v_BenchPress_g19_c06.avi
BenchPress,v_BenchPress_g20_c01.avi
BenchPress,v_BenchPress_g20_c02.avi
BenchPress,v_BenchPress_g20_c03.avi
BenchPress,v_BenchPress_g20_c04.avi
BenchPress,v_BenchPress_g20_c05.avi
Biking,v_Biking_g01_c01.avi
Biking,v_Biking_g01_c02.avi
Biking,v_Biking_g01_c03.avi
Biking,v_Biking_g01_c04.avi
Biking,v_Biking_g02_c01.avi
Biking,v_Biking_g02_c02.avi
Biking,v_Biking_g02_c03.avi
Biking,v_Biking_g02_c04.avi
Biking,v_Biking_g02_c05.avi
Biking,v_Biking_g02_c06.avi
Biking,v_Biking_g02_c07.avi
Biking,v_Biking_g03_c01.avi
Biking,v_Biking_g03_c02.avi
Biking,v_Biking_g03_c03.avi
Biking,v_Biking_g03_c04.avi
Biking,v_Biking_g04_c01.avi
Biking,v_Biking_g04_c02.avi
Biking,v_Biking_g04_c03.avi
Biking,v_Biking_g04_c04.avi
Biking,v_Biking_g04_c05.avi
Biking,v_Biking_g05_c01.avi
Biking,v_Biking_g05_c02.avi
Biking,v_Biking_g05_c03.avi
Biking,v_Biking_g05_c04.avi
Biking,v_Biking_g05_c05.avi
Biking,v_Biking_g05_c06.avi
Biking,v_Biking_g05_c07.avi
Biking,v_Biking_g05_c08.avi
Biking,v_Biking_g05_c09.avi
Biking,v_Biking_g06_c01.avi
Biking,v_Biking_g06_c02.avi
Biking,v_Biking_g06_c03.avi
Biking,v_Biking_g06_c04.avi
Biking,v_Biking_g06_c05.avi
Biking,v_Biking_g07_c01.avi
Biking,v_Biking_g07_c02.avi
Biking,v_Biking_g07_c03.avi
Biking,v_Biking_g07_c04.avi
Biking,v_Biking_g07_c05.avi
Biking,v_Biking_g07_c06.avi
Biking,v_Biking_g08_c01.avi
Biking,v_Biking_g08_c02.avi
Biking,v_Biking_g08_c03.avi
Biking,v_Biking_g08_c04.avi
Biking,v_Biking_g08_c05.avi
Biking,v_Biking_g08_c06.avi
Biking,v_Biking_g09_c01.avi
Biking,v_Biking_g09_c02.avi
Biking,v_Biking_g09_c03.avi
Biking,v_Biking_g09_c04.avi
Biking,v_Biking_g10_c01.avi
Biking,v_Biking_g10_c02.avi
Biking,v_Biking_g10_c03.avi
Biking,v_Biking_g10_c04.avi
Biking,v_Biking_g10_c05.avi
Biking,v_Biking_g10_c06.avi
Biking,v_Biking_g11_c01.avi
Biking,v_Biking_g11_c02.avi
Biking,v_Biking_g11_c03.avi
Biking,v_Biking_g11_c04.avi
Biking,v_Biking_g11_c05.avi
Biking,v_Biking_g11_c06.avi
Biking,v_Biking_g12_c01.avi
Biking,v_Biking_g12_c02.avi
Biking,v_Biking_g12_c03.avi
Biking,v_Biking_g12_c04.avi
Biking,v_Biking_g13_c01.avi
Biking,v_Biking_g13_c02.avi
Biking,v_Biking_g13_c03.avi
Biking,v_Biking_g13_c04.avi
Biking,v_Biking_g13_c05.avi
Biking,v_Biking_g13_c06.avi
Biking,v_Biking_g14_c01.avi
Biking,v_Biking_g14_c02.avi
Biking,v_Biking_g14_c03.avi
Biking,v_Biking_g14_c04.avi
Biking,v_Biking_g15_c01.avi
Biking,v_Biking_g15_c02.avi
Biking,v_Biking_g15_c03.avi
Biking,v_Biking_g15_c04.avi
Biking,v_Biking_g15_c05.avi
Biking,v_Biking_g16_c01.avi
Biking,v_Biking_g16_c02.avi
Biking,v_Biking_g16_c03.avi
Biking,v_Biking_g16_c04.avi
Biking,v_Biking_g16_c05.avi
Biking,v_Biking_g17_c01.avi
Biking,v_Biking_g17_c02.avi
Biking,v_Biking_g17_c03.avi
Biking,v_Biking_g17_c04.avi
Biking,v_Biking_g17_c05.avi
Biking,v_Biking_g17_c06.avi
Biking,v_Biking_g18_c01.avi
Biking,v_Biking_g18_c02.avi
Biking,v_Biking_g18_c03.avi
Biking,v_Biking_g18_c04.avi
Biking,v_Biking_g18_c05.avi
Biking,v_Biking_g18_c06.avi
Biking,v_Biking_g19_c01.avi
Biking,v_Biking_g19_c02.avi
Biking,v_Biking_g19_c03.avi
Biking,v_Biking_g19_c04.avi
Biking,v_Biking_g20_c01.avi
Biking,v_Biking_g20_c02.avi
Biking,v_Biking_g20_c03.avi
Biking,v_Biking_g20_c04.avi
Biking,v_Biking_g20_c05.avi
Biking,v_Biking_g20_c06.avi
Biking,v_Biking_g20_c07.avi
Biking,v_Biking_g20_c08.avi
Biking,v_Biking_g20_c09.avi
Biking,v_Biking_g20_c10.avi
Biking,v_Biking_g21_c01.avi
Biking,v_Biking_g21_c02.avi
Biking,v_Biking_g21_c03.avi
Biking,v_Biking_g21_c04.avi
Lunges,v_Lunges_g01_c01.avi
Lunges,v_Lunges_g01_c02.avi
Lunges,v_Lunges_g01_c03.avi
Lunges,v_Lunges_g01_c04.avi
Lunges,v_Lunges_g01_c05.avi
Lunges,v_Lunges_g01_c06.avi
Lunges,v_Lunges_g01_c07.avi
Lunges,v_Lunges_g01_c08.avi
Lunges,v_Lunges_g01_c09.avi
Lunges,v_Lunges_g01_c10.avi
Lunges,v_Lunges_g02_c01.avi
Lunges,v_Lunges_g02_c02.avi
Lunges,v_Lunges_g02_c03.avi
Lunges,v_Lunges_g02_c04.avi
Lunges,v_Lunges_g03_c01.avi
Lunges,v_Lunges_g03_c02.avi
Lunges,v_Lunges_g03_c03.avi
Lunges,v_Lunges_g03_c04.avi
Lunges,v_Lunges_g04_c01.avi
Lunges,v_Lunges_g04_c02.avi
Lunges,v_Lunges_g04_c03.avi
Lunges,v_Lunges_g04_c04.avi
Lunges,v_Lunges_g05_c01.avi
Lunges,v_Lunges_g05_c02.avi
Lunges,v_Lunges_g05_c03.avi
Lunges,v_Lunges_g05_c04.avi
Lunges,v_Lunges_g06_c01.avi
Lunges,v_Lunges_g06_c02.avi
Lunges,v_Lunges_g06_c03.avi
Lunges,v_Lunges_g06_c04.avi
Lunges,v_Lunges_g06_c05.avi
Lunges,v_Lunges_g06_c06.avi
Lunges,v_Lunges_g06_c07.avi
Lunges,v_Lunges_g06_c08.avi
Lunges,v_Lunges_g06_c09.avi
Lunges,v_Lunges_g07_c01.avi
Lunges,v_Lunges_g07_c02.avi
Lunges,v_Lunges_g07_c03.avi
Lunges,v_Lunges_g07_c04.avi
Lunges,v_Lunges_g07_c05.avi
Lunges,v_Lunges_g07_c06.avi
Lunges,v_Lunges_g07_c07.avi
Lunges,v_Lunges_g07_c08.avi
Lunges,v_Lunges_g07_c09.avi
Lunges,v_Lunges_g07_c10.avi
Lunges,v_Lunges_g07_c11.avi
Lunges,v_Lunges_g08_c01.avi
Lunges,v_Lunges_g08_c02.avi
Lunges,v_Lunges_g08_c03.avi
Lunges,v_Lunges_g08_c04.avi
Lunges,v_Lunges_g09_c01.avi
Lunges,v_Lunges_g09_c02.avi
Lunges,v_Lunges_g09_c03.avi
Lunges,v_Lunges_g09_c04.avi
Lunges,v_Lunges_g10_c01.avi
Lunges,v_Lunges_g10_c02.avi
Lunges,v_Lunges_g10_c03.avi
Lunges,v_Lunges_g10_c04.avi
Lunges,v_Lunges_g10_c05.avi
Lunges,v_Lunges_g10_c06.avi
Lunges,v_Lunges_g11_c01.avi
Lunges,v_Lunges_g11_c02.avi
Lunges,v_Lunges_g11_c03.avi
Lunges,v_Lunges_g11_c04.avi
Lunges,v_Lunges_g11_c05.avi
Lunges,v_Lunges_g11_c06.avi
Lunges,v_Lunges_g11_c07.avi
Lunges,v_Lunges_g11_c08.avi
Lunges,v_Lunges_g12_c01.avi
Lunges,v_Lunges_g12_c02.avi
Lunges,v_Lunges_g12_c03.avi
Lunges,v_Lunges_g12_c04.avi
Lunges,v_Lunges_g12_c05.avi
Lunges,v_Lunges_g13_c01.avi
Lunges,v_Lunges_g13_c02.avi
Lunges,v_Lunges_g13_c03.avi
Lunges,v_Lunges_g13_c04.avi
Lunges,v_Lunges_g13_c05.avi
Lunges,v_Lunges_g13_c06.avi
Lunges,v_Lunges_g14_c01.avi
Lunges,v_Lunges_g14_c02.avi
Lunges,v_Lunges_g14_c03.avi
Lunges,v_Lunges_g14_c04.avi
Lunges,v_Lunges_g14_c05.avi
Lunges,v_Lunges_g14_c06.avi
Lunges,v_Lunges_g14_c07.avi
Lunges,v_Lunges_g14_c08.avi
Lunges,v_Lunges_g15_c01.avi
Lunges,v_Lunges_g15_c02.avi
Lunges,v_Lunges_g15_c03.avi
Lunges,v_Lunges_g15_c04.avi
Lunges,v_Lunges_g16_c01.avi
Lunges,v_Lunges_g16_c02.avi
Lunges,v_Lunges_g16_c03.avi
Lunges,v_Lunges_g16_c04.avi
Lunges,v_Lunges_g17_c01.avi
Lunges,v_Lunges_g17_c02.avi
Lunges,v_Lunges_g17_c03.avi
Lunges,v_Lunges_g17_c04.avi
Lunges,v_Lunges_g18_c01.avi
Lunges,v_Lunges_g18_c02.avi
Lunges,v_Lunges_g18_c03.avi
Lunges,v_Lunges_g18_c04.avi
Lunges,v_Lunges_g18_c05.avi
Lunges,v_Lunges_g19_c01.avi
Lunges,v_Lunges_g19_c02.avi
Lunges,v_Lunges_g19_c03.avi
Lunges,v_Lunges_g19_c04.avi
Lunges,v_Lunges_g19_c05.avi
Lunges,v_Lunges_g19_c06.avi
Lunges,v_Lunges_g19_c07.avi
Lunges,v_Lunges_g19_c08.avi
Nunchucks,v_Nunchucks_g01_c01.avi
Nunchucks,v_Nunchucks_g01_c02.avi
Nunchucks,v_Nunchucks_g01_c03.avi
Nunchucks,v_Nunchucks_g01_c04.avi
Nunchucks,v_Nunchucks_g02_c01.avi
Nunchucks,v_Nunchucks_g02_c02.avi
Nunchucks,v_Nunchucks_g02_c03.avi
Nunchucks,v_Nunchucks_g02_c04.avi
Nunchucks,v_Nunchucks_g02_c05.avi
Nunchucks,v_Nunchucks_g02_c06.avi
Nunchucks,v_Nunchucks_g03_c01.avi
Nunchucks,v_Nunchucks_g03_c02.avi
Nunchucks,v_Nunchucks_g03_c03.avi
Nunchucks,v_Nunchucks_g03_c04.avi
Nunchucks,v_Nunchucks_g03_c05.avi
Nunchucks,v_Nunchucks_g03_c06.avi
Nunchucks,v_Nunchucks_g03_c07.avi
Nunchucks,v_Nunchucks_g04_c01.avi
Nunchucks,v_Nunchucks_g04_c02.avi
Nunchucks,v_Nunchucks_g04_c03.avi
Nunchucks,v_Nunchucks_g04_c04.avi
Nunchucks,v_Nunchucks_g04_c05.avi
Nunchucks,v_Nunchucks_g04_c06.avi
Nunchucks,v_Nunchucks_g05_c01.avi
Nunchucks,v_Nunchucks_g05_c02.avi
Nunchucks,v_Nunchucks_g05_c03.avi
Nunchucks,v_Nunchucks_g05_c04.avi
Nunchucks,v_Nunchucks_g06_c01.avi
Nunchucks,v_Nunchucks_g06_c02.avi
Nunchucks,v_Nunchucks_g06_c03.avi
Nunchucks,v_Nunchucks_g06_c04.avi
Nunchucks,v_Nunchucks_g07_c01.avi
Nunchucks,v_Nunchucks_g07_c02.avi
Nunchucks,v_Nunchucks_g07_c03.avi
Nunchucks,v_Nunchucks_g07_c04.avi
Nunchucks,v_Nunchucks_g08_c01.avi
Nunchucks,v_Nunchucks_g08_c02.avi
Nunchucks,v_Nunchucks_g08_c03.avi
Nunchucks,v_Nunchucks_g08_c04.avi
Nunchucks,v_Nunchucks_g08_c05.avi
Nunchucks,v_Nunchucks_g08_c06.avi
Nunchucks,v_Nunchucks_g08_c07.avi
Nunchucks,v_Nunchucks_g09_c01.avi
Nunchucks,v_Nunchucks_g09_c02.avi
Nunchucks,v_Nunchucks_g09_c03.avi
Nunchucks,v_Nunchucks_g09_c04.avi
Nunchucks,v_Nunchucks_g09_c05.avi
Nunchucks,v_Nunchucks_g10_c01.avi
Nunchucks,v_Nunchucks_g10_c02.avi
Nunchucks,v_Nunchucks_g10_c03.avi
Nunchucks,v_Nunchucks_g10_c04.avi
Nunchucks,v_Nunchucks_g10_c05.avi
Nunchucks,v_Nunchucks_g10_c06.avi
Nunchucks,v_Nunchucks_g11_c01.avi
Nunchucks,v_Nunchucks_g11_c02.avi
Nunchucks,v_Nunchucks_g11_c03.avi
Nunchucks,v_Nunchucks_g11_c04.avi
Nunchucks,v_Nunchucks_g11_c05.avi
Nunchucks,v_Nunchucks_g11_c06.avi
Nunchucks,v_Nunchucks_g12_c01.avi
Nunchucks,v_Nunchucks_g12_c02.avi
Nunchucks,v_Nunchucks_g12_c03.avi
Nunchucks,v_Nunchucks_g12_c04.avi
Nunchucks,v_Nunchucks_g12_c05.avi
Nunchucks,v_Nunchucks_g13_c01.avi
Nunchucks,v_Nunchucks_g13_c02.avi
Nunchucks,v_Nunchucks_g13_c03.avi
Nunchucks,v_Nunchucks_g13_c04.avi
Nunchucks,v_Nunchucks_g13_c05.avi
Nunchucks,v_Nunchucks_g13_c06.avi
Nunchucks,v_Nunchucks_g13_c07.avi
Nunchucks,v_Nunchucks_g14_c01.avi
Nunchucks,v_Nunchucks_g14_c02.avi
Nunchucks,v_Nunchucks_g14_c03.avi
Nunchucks,v_Nunchucks_g14_c04.avi
Nunchucks,v_Nunchucks_g15_c01.avi
Nunchucks,v_Nunchucks_g15_c02.avi
Nunchucks,v_Nunchucks_g15_c03.avi
Nunchucks,v_Nunchucks_g15_c04.avi
Nunchucks,v_Nunchucks_g15_c05.avi
Nunchucks,v_Nunchucks_g15_c06.avi
Nunchucks,v_Nunchucks_g16_c01.avi
Nunchucks,v_Nunchucks_g16_c02.avi
Nunchucks,v_Nunchucks_g16_c03.avi
Nunchucks,v_Nunchucks_g16_c04.avi
Nunchucks,v_Nunchucks_g17_c01.avi
Nunchucks,v_Nunchucks_g17_c02.avi
Nunchucks,v_Nunchucks_g17_c03.avi
Nunchucks,v_Nunchucks_g17_c04.avi
Nunchucks,v_Nunchucks_g17_c05.avi
Nunchucks,v_Nunchucks_g17_c06.avi
Nunchucks,v_Nunchucks_g17_c07.avi
Nunchucks,v_Nunchucks_g18_c01.avi
Nunchucks,v_Nunchucks_g18_c02.avi
Nunchucks,v_Nunchucks_g18_c03.avi
Nunchucks,v_Nunchucks_g18_c04.avi
Nunchucks,v_Nunchucks_g18_c05.avi
Nunchucks,v_Nunchucks_g18_c06.avi
Nunchucks,v_Nunchucks_g19_c01.avi
Nunchucks,v_Nunchucks_g19_c02.avi
Nunchucks,v_Nunchucks_g19_c03.avi
Nunchucks,v_Nunchucks_g19_c04.avi
Nunchucks,v_Nunchucks_g20_c01.avi
Nunchucks,v_Nunchucks_g20_c02.avi
Nunchucks,v_Nunchucks_g20_c03.avi
Nunchucks,v_Nunchucks_g20_c04.avi
Nunchucks,v_Nunchucks_g21_c01.avi
Nunchucks,v_Nunchucks_g21_c02.avi
Nunchucks,v_Nunchucks_g21_c03.avi
Nunchucks,v_Nunchucks_g21_c04.avi
Nunchucks,v_Nunchucks_g21_c05.avi
Nunchucks,v_Nunchucks_g21_c06.avi
Nunchucks,v_Nunchucks_g22_c01.avi
Nunchucks,v_Nunchucks_g22_c02.avi
Nunchucks,v_Nunchucks_g22_c03.avi
Nunchucks,v_Nunchucks_g22_c04.avi
Nunchucks,v_Nunchucks_g23_c01.avi
Nunchucks,v_Nunchucks_g23_c02.avi
Nunchucks,v_Nunchucks_g23_c03.avi
Nunchucks,v_Nunchucks_g23_c04.avi
PizzaTossing,v_PizzaTossing_g01_c01.avi
PizzaTossing,v_PizzaTossing_g01_c02.avi
PizzaTossing,v_PizzaTossing_g01_c03.avi
PizzaTossing,v_PizzaTossing_g01_c04.avi
PizzaTossing,v_PizzaTossing_g02_c01.avi
PizzaTossing,v_PizzaTossing_g02_c02.avi
PizzaTossing,v_PizzaTossing_g02_c03.avi
PizzaTossing,v_PizzaTossing_g02_c04.avi
PizzaTossing,v_PizzaTossing_g02_c05.avi
PizzaTossing,v_PizzaTossing_g03_c01.avi
PizzaTossing,v_PizzaTossing_g03_c02.avi
PizzaTossing,v_PizzaTossing_g03_c03.avi
PizzaTossing,v_PizzaTossing_g03_c04.avi
PizzaTossing,v_PizzaTossing_g04_c01.avi
PizzaTossing,v_PizzaTossing_g04_c02.avi
PizzaTossing,v_PizzaTossing_g04_c03.avi
PizzaTossing,v_PizzaTossing_g04_c04.avi
PizzaTossing,v_PizzaTossing_g04_c05.avi
PizzaTossing,v_PizzaTossing_g04_c06.avi
PizzaTossing,v_PizzaTossing_g04_c07.avi
PizzaTossing,v_PizzaTossing_g04_c08.avi
PizzaTossing,v_PizzaTossing_g05_c01.avi
PizzaTossing,v_PizzaTossing_g05_c02.avi
PizzaTossing,v_PizzaTossing_g05_c03.avi
PizzaTossing,v_PizzaTossing_g05_c04.avi
PizzaTossing,v_PizzaTossing_g06_c01.avi
PizzaTossing,v_PizzaTossing_g06_c02.avi
PizzaTossing,v_PizzaTossing_g06_c03.avi
PizzaTossing,v_PizzaTossing_g06_c04.avi
PizzaTossing,v_PizzaTossing_g06_c05.avi
PizzaTossing,v_PizzaTossing_g07_c01.avi
PizzaTossing,v_PizzaTossing_g07_c02.avi
PizzaTossing,v_PizzaTossing_g07_c03.avi
PizzaTossing,v_PizzaTossing_g07_c04.avi
PizzaTossing,v_PizzaTossing_g08_c01.avi
PizzaTossing,v_PizzaTossing_g08_c02.avi
PizzaTossing,v_PizzaTossing_g08_c03.avi
PizzaTossing,v_PizzaTossing_g08_c04.avi
PizzaTossing,v_PizzaTossing_g09_c01.avi
PizzaTossing,v_PizzaTossing_g09_c02.avi
PizzaTossing,v_PizzaTossing_g09_c03.avi
PizzaTossing,v_PizzaTossing_g09_c04.avi
PizzaTossing,v_PizzaTossing_g10_c01.avi
PizzaTossing,v_PizzaTossing_g10_c02.avi
PizzaTossing,v_PizzaTossing_g10_c03.avi
PizzaTossing,v_PizzaTossing_g10_c04.avi
PizzaTossing,v_PizzaTossing_g11_c01.avi
PizzaTossing,v_PizzaTossing_g11_c02.avi
PizzaTossing,v_PizzaTossing_g11_c03.avi
PizzaTossing,v_PizzaTossing_g11_c04.avi
PizzaTossing,v_PizzaTossing_g11_c05.avi
PizzaTossing,v_PizzaTossing_g12_c01.avi
PizzaTossing,v_PizzaTossing_g12_c02.avi
PizzaTossing,v_PizzaTossing_g12_c03.avi
PizzaTossing,v_PizzaTossing_g12_c04.avi
PizzaTossing,v_PizzaTossing_g13_c01.avi
PizzaTossing,v_PizzaTossing_g13_c02.avi
PizzaTossing,v_PizzaTossing_g13_c03.avi
PizzaTossing,v_PizzaTossing_g13_c04.avi
PizzaTossing,v_PizzaTossing_g14_c01.avi
PizzaTossing,v_PizzaTossing_g14_c02.avi
PizzaTossing,v_PizzaTossing_g14_c03.avi
PizzaTossing,v_PizzaTossing_g14_c04.avi
PizzaTossing,v_PizzaTossing_g15_c01.avi
PizzaTossing,v_PizzaTossing_g15_c02.avi
PizzaTossing,v_PizzaTossing_g15_c03.avi
PizzaTossing,v_PizzaTossing_g15_c04.avi
PizzaTossing,v_PizzaTossing_g16_c01.avi
PizzaTossing,v_PizzaTossing_g16_c02.avi
PizzaTossing,v_PizzaTossing_g16_c03.avi
PizzaTossing,v_PizzaTossing_g16_c04.avi
PizzaTossing,v_PizzaTossing_g17_c01.avi
PizzaTossing,v_PizzaTossing_g17_c02.avi
PizzaTossing,v_PizzaTossing_g17_c03.avi
PizzaTossing,v_PizzaTossing_g17_c04.avi
PizzaTossing,v_PizzaTossing_g18_c01.avi
PizzaTossing,v_PizzaTossing_g18_c02.avi
PizzaTossing,v_PizzaTossing_g18_c03.avi
PizzaTossing,v_PizzaTossing_g18_c04.avi
PizzaTossing,v_PizzaTossing_g19_c01.avi
PizzaTossing,v_PizzaTossing_g19_c02.avi
PizzaTossing,v_PizzaTossing_g19_c03.avi
PizzaTossing,v_PizzaTossing_g19_c04.avi
PizzaTossing,v_PizzaTossing_g19_c05.avi
PizzaTossing,v_PizzaTossing_g20_c01.avi
PizzaTossing,v_PizzaTossing_g20_c02.avi
PizzaTossing,v_PizzaTossing_g20_c03.avi
PizzaTossing,v_PizzaTossing_g20_c04.avi
PizzaTossing,v_PizzaTossing_g21_c01.avi
PizzaTossing,v_PizzaTossing_g21_c02.avi
PizzaTossing,v_PizzaTossing_g21_c03.avi
PlayingGuitar,v_PlayingGuitar_g01_c01.avi
PlayingGuitar,v_PlayingGuitar_g01_c02.avi
PlayingGuitar,v_PlayingGuitar_g01_c03.avi
PlayingGuitar,v_PlayingGuitar_g01_c04.avi
PlayingGuitar,v_PlayingGuitar_g01_c05.avi
PlayingGuitar,v_PlayingGuitar_g01_c06.avi
PlayingGuitar,v_PlayingGuitar_g02_c01.avi
PlayingGuitar,v_PlayingGuitar_g02_c02.avi
PlayingGuitar,v_PlayingGuitar_g02_c03.avi
PlayingGuitar,v_PlayingGuitar_g02_c04.avi
PlayingGuitar,v_PlayingGuitar_g03_c01.avi
PlayingGuitar,v_PlayingGuitar_g03_c02.avi
PlayingGuitar,v_PlayingGuitar_g03_c03.avi
PlayingGuitar,v_PlayingGuitar_g03_c04.avi
PlayingGuitar,v_PlayingGuitar_g03_c05.avi
PlayingGuitar,v_PlayingGuitar_g03_c06.avi
PlayingGuitar,v_PlayingGuitar_g03_c07.avi
PlayingGuitar,v_PlayingGuitar_g04_c01.avi
PlayingGuitar,v_PlayingGuitar_g04_c02.avi
PlayingGuitar,v_PlayingGuitar_g04_c03.avi
PlayingGuitar,v_PlayingGuitar_g04_c04.avi
PlayingGuitar,v_PlayingGuitar_g04_c05.avi
PlayingGuitar,v_PlayingGuitar_g04_c06.avi
PlayingGuitar,v_PlayingGuitar_g04_c07.avi
PlayingGuitar,v_PlayingGuitar_g05_c01.avi
PlayingGuitar,v_PlayingGuitar_g05_c02.avi
PlayingGuitar,v_PlayingGuitar_g05_c03.avi
PlayingGuitar,v_PlayingGuitar_g05_c04.avi
PlayingGuitar,v_PlayingGuitar_g05_c05.avi
PlayingGuitar,v_PlayingGuitar_g06_c01.avi
PlayingGuitar,v_PlayingGuitar_g06_c02.avi
PlayingGuitar,v_PlayingGuitar_g06_c03.avi
PlayingGuitar,v_PlayingGuitar_g06_c04.avi
PlayingGuitar,v_PlayingGuitar_g06_c05.avi
PlayingGuitar,v_PlayingGuitar_g06_c06.avi
PlayingGuitar,v_PlayingGuitar_g06_c07.avi
PlayingGuitar,v_PlayingGuitar_g07_c01.avi
PlayingGuitar,v_PlayingGuitar_g07_c02.avi
PlayingGuitar,v_PlayingGuitar_g07_c03.avi
PlayingGuitar,v_PlayingGuitar_g07_c04.avi
PlayingGuitar,v_PlayingGuitar_g07_c05.avi
PlayingGuitar,v_PlayingGuitar_g07_c06.avi
PlayingGuitar,v_PlayingGuitar_g07_c07.avi
PlayingGuitar,v_PlayingGuitar_g08_c01.avi
PlayingGuitar,v_PlayingGuitar_g08_c02.avi
PlayingGuitar,v_PlayingGuitar_g08_c03.avi
PlayingGuitar,v_PlayingGuitar_g08_c04.avi
PlayingGuitar,v_PlayingGuitar_g08_c05.avi
PlayingGuitar,v_PlayingGuitar_g08_c06.avi
PlayingGuitar,v_PlayingGuitar_g08_c07.avi
PlayingGuitar,v_PlayingGuitar_g09_c01.avi
PlayingGuitar,v_PlayingGuitar_g09_c02.avi
PlayingGuitar,v_PlayingGuitar_g09_c03.avi
PlayingGuitar,v_PlayingGuitar_g09_c04.avi
PlayingGuitar,v_PlayingGuitar_g10_c01.avi
PlayingGuitar,v_PlayingGuitar_g10_c02.avi
PlayingGuitar,v_PlayingGuitar_g10_c03.avi
PlayingGuitar,v_PlayingGuitar_g10_c04.avi
PlayingGuitar,v_PlayingGuitar_g10_c05.avi
PlayingGuitar,v_PlayingGuitar_g10_c06.avi
PlayingGuitar,v_PlayingGuitar_g10_c07.avi
PlayingGuitar,v_PlayingGuitar_g11_c01.avi
PlayingGuitar,v_PlayingGuitar_g11_c02.avi
PlayingGuitar,v_PlayingGuitar_g11_c03.avi
PlayingGuitar,v_PlayingGuitar_g11_c04.avi
PlayingGuitar,v_PlayingGuitar_g11_c05.avi
PlayingGuitar,v_PlayingGuitar_g11_c06.avi
PlayingGuitar,v_PlayingGuitar_g11_c07.avi
PlayingGuitar,v_PlayingGuitar_g12_c01.avi
PlayingGuitar,v_PlayingGuitar_g12_c02.avi
PlayingGuitar,v_PlayingGuitar_g12_c03.avi
PlayingGuitar,v_PlayingGuitar_g12_c04.avi
PlayingGuitar,v_PlayingGuitar_g12_c05.avi
PlayingGuitar,v_PlayingGuitar_g12_c06.avi
PlayingGuitar,v_PlayingGuitar_g12_c07.avi
PlayingGuitar,v_PlayingGuitar_g13_c01.avi
PlayingGuitar,v_PlayingGuitar_g13_c02.avi
PlayingGuitar,v_PlayingGuitar_g13_c03.avi
PlayingGuitar,v_PlayingGuitar_g13_c04.avi
PlayingGuitar,v_PlayingGuitar_g13_c05.avi
PlayingGuitar,v_PlayingGuitar_g13_c06.avi
PlayingGuitar,v_PlayingGuitar_g13_c07.avi
PlayingGuitar,v_PlayingGuitar_g14_c01.avi
PlayingGuitar,v_PlayingGuitar_g14_c02.avi
PlayingGuitar,v_PlayingGuitar_g14_c03.avi
PlayingGuitar,v_PlayingGuitar_g14_c04.avi
PlayingGuitar,v_PlayingGuitar_g14_c05.avi
PlayingGuitar,v_PlayingGuitar_g14_c06.avi
PlayingGuitar,v_PlayingGuitar_g14_c07.avi
PlayingGuitar,v_PlayingGuitar_g15_c01.avi
PlayingGuitar,v_PlayingGuitar_g15_c02.avi
PlayingGuitar,v_PlayingGuitar_g15_c03.avi
PlayingGuitar,v_PlayingGuitar_g15_c04.avi
PlayingGuitar,v_PlayingGuitar_g15_c05.avi
PlayingGuitar,v_PlayingGuitar_g15_c06.avi
PlayingGuitar,v_PlayingGuitar_g15_c07.avi
PlayingGuitar,v_PlayingGuitar_g16_c01.avi
PlayingGuitar,v_PlayingGuitar_g16_c02.avi
PlayingGuitar,v_PlayingGuitar_g16_c03.avi
PlayingGuitar,v_PlayingGuitar_g16_c04.avi
PlayingGuitar,v_PlayingGuitar_g16_c05.avi
PlayingGuitar,v_PlayingGuitar_g16_c06.avi
PlayingGuitar,v_PlayingGuitar_g16_c07.avi
PlayingGuitar,v_PlayingGuitar_g17_c01.avi
PlayingGuitar,v_PlayingGuitar_g17_c02.avi
PlayingGuitar,v_PlayingGuitar_g17_c03.avi
PlayingGuitar,v_PlayingGuitar_g17_c04.avi
PlayingGuitar,v_PlayingGuitar_g17_c05.avi
PlayingGuitar,v_PlayingGuitar_g17_c06.avi
PlayingGuitar,v_PlayingGuitar_g17_c07.avi
PlayingGuitar,v_PlayingGuitar_g18_c01.avi
PlayingGuitar,v_PlayingGuitar_g18_c02.avi
PlayingGuitar,v_PlayingGuitar_g18_c03.avi
PlayingGuitar,v_PlayingGuitar_g18_c04.avi
PlayingGuitar,v_PlayingGuitar_g18_c05.avi
PlayingGuitar,v_PlayingGuitar_g18_c06.avi
PlayingGuitar,v_PlayingGuitar_g18_c07.avi
PlayingGuitar,v_PlayingGuitar_g19_c01.avi
PlayingGuitar,v_PlayingGuitar_g19_c02.avi
PlayingGuitar,v_PlayingGuitar_g19_c03.avi
PlayingGuitar,v_PlayingGuitar_g19_c04.avi
PlayingGuitar,v_PlayingGuitar_g19_c05.avi
PlayingGuitar,v_PlayingGuitar_g19_c06.avi
PlayingGuitar,v_PlayingGuitar_g19_c07.avi
PlayingGuitar,v_PlayingGuitar_g20_c01.avi
PlayingGuitar,v_PlayingGuitar_g20_c02.avi
PlayingGuitar,v_PlayingGuitar_g20_c03.avi
PlayingGuitar,v_PlayingGuitar_g20_c04.avi
Punch,v_Punch_g01_c01.avi
Punch,v_Punch_g01_c02.avi
Punch,v_Punch_g01_c03.avi
Punch,v_Punch_g01_c04.avi
Punch,v_Punch_g01_c05.avi
Punch,v_Punch_g02_c01.avi
Punch,v_Punch_g02_c02.avi
Punch,v_Punch_g02_c03.avi
Punch,v_Punch_g02_c04.avi
Punch,v_Punch_g03_c01.avi
Punch,v_Punch_g03_c02.avi
Punch,v_Punch_g03_c03.avi
Punch,v_Punch_g03_c04.avi
Punch,v_Punch_g04_c01.avi
Punch,v_Punch_g04_c02.avi
Punch,v_Punch_g04_c03.avi
Punch,v_Punch_g04_c04.avi
Punch,v_Punch_g04_c05.avi
Punch,v_Punch_g05_c01.avi
Punch,v_Punch_g05_c02.avi
Punch,v_Punch_g05_c03.avi
Punch,v_Punch_g05_c04.avi
Punch,v_Punch_g05_c05.avi
Punch,v_Punch_g05_c06.avi
Punch,v_Punch_g05_c07.avi
Punch,v_Punch_g06_c01.avi
Punch,v_Punch_g06_c02.avi
Punch,v_Punch_g06_c03.avi
Punch,v_Punch_g06_c04.avi
Punch,v_Punch_g06_c05.avi
Punch,v_Punch_g06_c06.avi
Punch,v_Punch_g06_c07.avi
Punch,v_Punch_g07_c01.avi
Punch,v_Punch_g07_c02.avi
Punch,v_Punch_g07_c03.avi
Punch,v_Punch_g07_c04.avi
Punch,v_Punch_g07_c05.avi
Punch,v_Punch_g07_c06.avi
Punch,v_Punch_g07_c07.avi
Punch,v_Punch_g08_c01.avi
Punch,v_Punch_g08_c02.avi
Punch,v_Punch_g08_c03.avi
Punch,v_Punch_g08_c04.avi
Punch,v_Punch_g08_c05.avi
Punch,v_Punch_g08_c06.avi
Punch,v_Punch_g08_c07.avi
Punch,v_Punch_g09_c01.avi
Punch,v_Punch_g09_c02.avi
Punch,v_Punch_g09_c03.avi
Punch,v_Punch_g09_c04.avi
Punch,v_Punch_g09_c05.avi
Punch,v_Punch_g09_c06.avi
Punch,v_Punch_g09_c07.avi
Punch,v_Punch_g10_c01.avi
Punch,v_Punch_g10_c02.avi
Punch,v_Punch_g10_c03.avi
Punch,v_Punch_g10_c04.avi
Punch,v_Punch_g10_c05.avi
Punch,v_Punch_g10_c06.avi
Punch,v_Punch_g11_c01.avi
Punch,v_Punch_g11_c02.avi
Punch,v_Punch_g11_c03.avi
Punch,v_Punch_g11_c04.avi
Punch,v_Punch_g11_c05.avi
Punch,v_Punch_g11_c06.avi
Punch,v_Punch_g11_c07.avi
Punch,v_Punch_g12_c01.avi
Punch,v_Punch_g12_c02.avi
Punch,v_Punch_g12_c03.avi
Punch,v_Punch_g12_c04.avi
Punch,v_Punch_g12_c05.avi
Punch,v_Punch_g12_c06.avi
Punch,v_Punch_g12_c07.avi
Punch,v_Punch_g13_c01.avi
Punch,v_Punch_g13_c02.avi
Punch,v_Punch_g13_c03.avi
Punch,v_Punch_g13_c04.avi
Punch,v_Punch_g13_c05.avi
Punch,v_Punch_g13_c06.avi
Punch,v_Punch_g13_c07.avi
Punch,v_Punch_g14_c01.avi
Punch,v_Punch_g14_c02.avi
Punch,v_Punch_g14_c03.avi
Punch,v_Punch_g14_c04.avi
Punch,v_Punch_g14_c05.avi
Punch,v_Punch_g14_c06.avi
Punch,v_Punch_g14_c07.avi
Punch,v_Punch_g15_c01.avi
Punch,v_Punch_g15_c02.avi
Punch,v_Punch_g15_c03.avi
Punch,v_Punch_g15_c04.avi
Punch,v_Punch_g15_c05.avi
Punch,v_Punch_g15_c06.avi
Punch,v_Punch_g16_c01.avi
Punch,v_Punch_g16_c02.avi
Punch,v_Punch_g16_c03.avi
Punch,v_Punch_g16_c04.avi
Punch,v_Punch_g16_c05.avi
Punch,v_Punch_g16_c06.avi
Punch,v_Punch_g16_c07.avi
Punch,v_Punch_g17_c01.avi
Punch,v_Punch_g17_c02.avi
Punch,v_Punch_g17_c03.avi
Punch,v_Punch_g17_c04.avi
Punch,v_Punch_g17_c05.avi
Punch,v_Punch_g17_c06.avi
Punch,v_Punch_g17_c07.avi
Punch,v_Punch_g18_c01.avi
Punch,v_Punch_g18_c02.avi
Punch,v_Punch_g18_c03.avi
Punch,v_Punch_g18_c04.avi
Punch,v_Punch_g18_c05.avi
Punch,v_Punch_g18_c06.avi
Punch,v_Punch_g18_c07.avi
Punch,v_Punch_g19_c01.avi
Punch,v_Punch_g19_c02.avi
Punch,v_Punch_g19_c03.avi
Punch,v_Punch_g19_c04.avi
Punch,v_Punch_g19_c05.avi
Punch,v_Punch_g19_c06.avi
Punch,v_Punch_g19_c07.avi
Punch,v_Punch_g20_c01.avi
Punch,v_Punch_g20_c02.avi
Punch,v_Punch_g20_c03.avi
Punch,v_Punch_g20_c04.avi
Punch,v_Punch_g21_c01.avi
Punch,v_Punch_g21_c02.avi
Punch,v_Punch_g21_c03.avi
PushUps,v_PushUps_g01_c01.avi
PushUps,v_PushUps_g01_c02.avi
PushUps,v_PushUps_g01_c03.avi
PushUps,v_PushUps_g01_c04.avi
PushUps,v_PushUps_g01_c05.avi
PushUps,v_PushUps_g02_c01.avi
PushUps,v_PushUps_g02_c02.avi
PushUps,v_PushUps_g02_c03.avi
PushUps,v_PushUps_g02_c04.avi
PushUps,v_PushUps_g03_c01.avi
PushUps,v_PushUps_g03_c02.avi
PushUps,v_PushUps_g03_c03.avi
PushUps,v_PushUps_g03_c04.avi
PushUps,v_PushUps_g04_c01.avi
PushUps,v_PushUps_g04_c02.avi
PushUps,v_PushUps_g04_c03.avi
PushUps,v_PushUps_g04_c04.avi
PushUps,v_PushUps_g04_c05.avi
PushUps,v_PushUps_g05_c01.avi
PushUps,v_PushUps_g05_c02.avi
PushUps,v_PushUps_g05_c03.avi
PushUps,v_PushUps_g05_c04.avi
PushUps,v_PushUps_g06_c01.avi
PushUps,v_PushUps_g06_c02.avi
PushUps,v_PushUps_g06_c03.avi
PushUps,v_PushUps_g06_c04.avi
PushUps,v_PushUps_g07_c01.avi
PushUps,v_PushUps_g07_c02.avi
PushUps,v_PushUps_g07_c03.avi
PushUps,v_PushUps_g07_c04.avi
PushUps,v_PushUps_g08_c01.avi
PushUps,v_PushUps_g08_c02.avi
PushUps,v_PushUps_g08_c03.avi
PushUps,v_PushUps_g08_c04.avi
PushUps,v_PushUps_g09_c01.avi
PushUps,v_PushUps_g09_c02.avi
PushUps,v_PushUps_g09_c03.avi
PushUps,v_PushUps_g09_c04.avi
PushUps,v_PushUps_g10_c01.avi
PushUps,v_PushUps_g10_c02.avi
PushUps,v_PushUps_g10_c03.avi
PushUps,v_PushUps_g10_c04.avi
PushUps,v_PushUps_g11_c01.avi
PushUps,v_PushUps_g11_c02.avi
PushUps,v_PushUps_g11_c03.avi
PushUps,v_PushUps_g11_c04.avi
PushUps,v_PushUps_g12_c01.avi
PushUps,v_PushUps_g12_c02.avi
PushUps,v_PushUps_g12_c03.avi
PushUps,v_PushUps_g12_c04.avi
PushUps,v_PushUps_g13_c01.avi
PushUps,v_PushUps_g13_c02.avi
PushUps,v_PushUps_g13_c03.avi
PushUps,v_PushUps_g13_c04.avi
PushUps,v_PushUps_g14_c01.avi
PushUps,v_PushUps_g14_c02.avi
PushUps,v_PushUps_g14_c03.avi
PushUps,v_PushUps_g14_c04.avi
PushUps,v_PushUps_g15_c01.avi
PushUps,v_PushUps_g15_c02.avi
PushUps,v_PushUps_g15_c03.avi
PushUps,v_PushUps_g15_c04.avi
PushUps,v_PushUps_g16_c01.avi
PushUps,v_PushUps_g16_c02.avi
PushUps,v_PushUps_g16_c03.avi
PushUps,v_PushUps_g16_c04.avi
PushUps,v_PushUps_g17_c01.avi
PushUps,v_PushUps_g17_c02.avi
PushUps,v_PushUps_g17_c03.avi
PushUps,v_PushUps_g17_c04.avi
PushUps,v_PushUps_g18_c01.avi
PushUps,v_PushUps_g18_c02.avi
PushUps,v_PushUps_g18_c03.avi
PushUps,v_PushUps_g18_c04.avi
PushUps,v_PushUps_g19_c01.avi
PushUps,v_PushUps_g19_c02.avi
PushUps,v_PushUps_g19_c03.avi
PushUps,v_PushUps_g19_c04.avi
PushUps,v_PushUps_g20_c01.avi
PushUps,v_PushUps_g20_c02.avi
PushUps,v_PushUps_g20_c03.avi
PushUps,v_PushUps_g20_c04.avi
PushUps,v_PushUps_g21_c01.avi
PushUps,v_PushUps_g21_c02.avi
